"","onDate","barOpen","barHigh","barLow","barClose","symbols","direction","justOpened","id","openFlag","openDate","openPrice","openQty","openReason","openCase","closeFlag","closeDate","closePrice","closeQty","closeReason","slpPrice","trailPrice","trailSlpPrice","trailTrigFlag","pbPrice","pbQty","pbCount","barCount"
"1",2016-02-23,165,165,158,158.5,"SBIN","LONG",TRUE,2,TRUE,2016-02-22,164.95,6000,"Case#1","Case#1",FALSE,1950-01-01,0,0,"None",155.95,176.95,NA,FALSE,179.95,0,0,1
"2",2016-02-24,156,160.7,155.3,156.3,"SBIN","LONG",TRUE,2,TRUE,2016-02-22,164.95,6000,"Case#1","Case#1",TRUE,2016-02-24,155.95,6000,"SLP hit",155.95,176.95,NA,FALSE,179.95,0,0,2
"3",2016-02-25,157.6,158.1,151,151.8,"SBIN","LONG",TRUE,3,TRUE,2016-02-24,156.3,6000,"Case#1","Case#1",FALSE,1950-01-01,0,0,"None",147.3,168.3,NA,FALSE,171.3,0,0,1
"4",2016-02-26,155.5,158.7,152.55,155.9,"SBIN","LONG",TRUE,3,TRUE,2016-02-24,156.3,6000,"Case#1","Case#1",FALSE,1950-01-01,0,0,"None",147.3,168.3,NA,FALSE,171.3,0,0,2
"5",2016-02-29,158.2,163.9,153,158.75,"SBIN","LONG",TRUE,3,TRUE,2016-02-24,156.3,6000,"Case#1","Case#1",FALSE,1950-01-01,0,0,"None",147.3,168.3,NA,FALSE,171.3,0,0,3
"6",2016-03-01,160.5,162.9,158.55,162.05,"SBIN","LONG",TRUE,3,TRUE,2016-02-24,156.3,6000,"Case#1","Case#1",FALSE,1950-01-01,0,0,"None",147.3,168.3,NA,FALSE,171.3,0,0,4
"7",2016-03-02,172.5,183.2,172.5,181.15,"SBIN","LONG",TRUE,3,TRUE,2016-02-24,156.3,6000,"Case#1","Case#1",TRUE,2016-03-02,172.5,3000,"Profit Booking in Open",147.3,168.3,NA,FALSE,171.3,0,0,5
"8",2016-03-03,184,184.6,178.5,182.75,"SBIN","LONG",TRUE,3,TRUE,2016-02-24,156.3,3000,"Case#1","Case#1",FALSE,2016-03-02,172.5,0,"None",147.3,174.3,153.3,TRUE,186.3,0,0,6
"9",2016-03-04,183.4,189.85,178.5,188.4,"SBIN","LONG",TRUE,3,TRUE,2016-02-24,156.3,3000,"Case#1","Case#1",TRUE,2016-03-04,186.3,3000,"Profit Booking",147.3,180.3,159.3,TRUE,186.3,0,0,7
"10",2016-03-08,186.95,186.95,181.4,183.35,"SBIN","LONG",TRUE,4,TRUE,2016-03-04,188.4,6000,"Case#1","Case#1",FALSE,1950-01-01,0,0,"None",179.4,200.4,NA,FALSE,203.4,0,0,1
"11",2016-03-09,180,184,178.7,183.4,"SBIN","LONG",TRUE,4,TRUE,2016-03-04,188.4,6000,"Case#1","Case#1",TRUE,2016-03-09,179.4,6000,"SLP hit",179.4,200.4,NA,FALSE,203.4,0,0,2
"12",2016-03-10,184.75,184.75,179.4,180.5,"SBIN","LONG",TRUE,5,TRUE,2016-03-09,183.4,6000,"Case#1","Case#1",FALSE,1950-01-01,0,0,"None",174.4,195.4,NA,FALSE,198.4,0,0,1
"13",2016-03-11,180,182.65,177.55,180.1,"SBIN","LONG",TRUE,5,TRUE,2016-03-09,183.4,6000,"Case#1","Case#1",FALSE,1950-01-01,0,0,"None",174.4,195.4,NA,FALSE,198.4,0,0,2
"14",2016-03-14,182.45,183.4,180.7,181.75,"SBIN","LONG",TRUE,5,TRUE,2016-03-09,183.4,6000,"Case#1","Case#1",FALSE,1950-01-01,0,0,"None",174.4,195.4,NA,FALSE,198.4,0,0,3
"15",2016-03-15,181.65,186.2,181.65,185.3,"SBIN","LONG",TRUE,5,TRUE,2016-03-09,183.4,6000,"Case#1","Case#1",FALSE,1950-01-01,0,0,"None",174.4,195.4,NA,FALSE,198.4,0,0,4
"16",2016-03-16,185,185.9,181.6,185.2,"SBIN","LONG",TRUE,5,TRUE,2016-03-09,183.4,6000,"Case#1","Case#1",FALSE,1950-01-01,0,0,"None",174.4,195.4,NA,FALSE,198.4,0,0,5
"17",2016-03-17,188,189.3,185,186.35,"SBIN","LONG",TRUE,5,TRUE,2016-03-09,183.4,6000,"Case#1","Case#1",FALSE,1950-01-01,0,0,"None",174.4,195.4,NA,FALSE,198.4,0,0,6
"18",2016-03-18,186.85,192,186,191.25,"SBIN","LONG",TRUE,5,TRUE,2016-03-09,183.4,6000,"Case#1","Case#1",FALSE,1950-01-01,0,0,"None",174.4,195.4,NA,FALSE,198.4,0,0,7
"19",2016-03-21,193,197.3,193,196.8,"SBIN","LONG",TRUE,5,TRUE,2016-03-09,183.4,6000,"Case#1","Case#1",FALSE,1950-01-01,0,0,"None",174.4,195.4,NA,FALSE,198.4,0,0,8
"20",2016-03-22,196.8,198.25,194.5,197.5,"SBIN","LONG",TRUE,5,TRUE,2016-03-09,183.4,6000,"Case#1","Case#1",FALSE,1950-01-01,0,0,"None",174.4,201.4,180.4,TRUE,198.4,0,0,9
"21",2016-03-23,196.9,197.6,195.3,196.6,"SBIN","LONG",TRUE,5,TRUE,2016-03-09,183.4,6000,"Case#1","Case#1",FALSE,1950-01-01,0,0,"None",174.4,201.4,180.4,TRUE,198.4,0,0,10
"22",2016-03-28,195.8,198.25,187.65,188.3,"SBIN","LONG",TRUE,5,TRUE,2016-03-09,183.4,6000,"Case#1","Case#1",FALSE,1950-01-01,0,0,"None",174.4,201.4,180.4,TRUE,198.4,0,0,11
"23",2016-03-29,188.5,191.25,186.65,189.5,"SBIN","LONG",TRUE,5,TRUE,2016-03-09,183.4,6000,"Case#1","Case#1",FALSE,1950-01-01,0,0,"None",174.4,201.4,180.4,TRUE,198.4,0,0,12
"24",2016-03-30,192.25,198.3,190.5,197.55,"SBIN","LONG",TRUE,5,TRUE,2016-03-09,183.4,6000,"Case#1","Case#1",FALSE,1950-01-01,0,0,"None",174.4,201.4,180.4,TRUE,198.4,0,0,13
"25",2016-03-31,197.85,198.75,192.35,194.25,"SBIN","LONG",TRUE,5,TRUE,2016-03-09,183.4,6000,"Case#1","Case#1",TRUE,2016-03-31,198.4,3000,"Profit Booking",174.4,201.4,180.4,TRUE,198.4,0,0,14
"26",2016-04-01,193.7,197.25,192,195.65,"SBIN","LONG",TRUE,5,TRUE,2016-03-09,183.4,3000,"Case#1","Case#1",FALSE,2016-03-31,198.4,0,"None",174.4,201.4,180.4,TRUE,213.4,0,0,15
"27",2016-04-04,197.3,197.45,192.55,194.7,"SBIN","LONG",TRUE,5,TRUE,2016-03-09,183.4,3000,"Case#1","Case#1",FALSE,2016-03-31,198.4,0,"None",174.4,201.4,180.4,TRUE,213.4,0,0,16
"28",2016-04-05,193.9,194.55,183.3,184.35,"SBIN","LONG",TRUE,5,TRUE,2016-03-09,183.4,3000,"Case#1","Case#1",FALSE,2016-03-31,198.4,0,"None",174.4,201.4,180.4,TRUE,213.4,0,0,17
"29",2016-04-06,185,185.5,182.2,183.85,"SBIN","LONG",TRUE,5,TRUE,2016-03-09,183.4,3000,"Case#1","Case#1",FALSE,2016-03-31,198.4,0,"None",174.4,201.4,180.4,TRUE,213.4,0,0,18
"30",2016-04-07,183.8,185.65,181,181.95,"SBIN","LONG",TRUE,5,TRUE,2016-03-09,183.4,3000,"Case#1","Case#1",FALSE,2016-03-31,198.4,0,"None",174.4,201.4,180.4,TRUE,213.4,0,0,19
"31",2016-04-08,181.65,183.95,180.2,183.1,"SBIN","LONG",TRUE,5,TRUE,2016-03-09,183.4,3000,"Case#1","Case#1",TRUE,2016-04-08,180.4,3000,"TrailingSLP hit",174.4,201.4,180.4,TRUE,213.4,0,0,20
"32",2016-04-22,193.6,201.5,191.55,200.15,"SBIN","LONG",TRUE,6,TRUE,2016-04-21,194.35,6000,"Case#1","Case#1",FALSE,1950-01-01,0,0,"None",185.35,206.35,NA,FALSE,209.35,0,0,1
"33",2016-04-25,200.95,202.55,195.8,197.05,"SBIN","LONG",TRUE,6,TRUE,2016-04-21,194.35,6000,"Case#1","Case#1",FALSE,1950-01-01,0,0,"None",185.35,206.35,NA,FALSE,209.35,0,0,2
"34",2016-04-26,195.95,201.4,194.55,200.95,"SBIN","LONG",TRUE,6,TRUE,2016-04-21,194.35,6000,"Case#1","Case#1",FALSE,1950-01-01,0,0,"None",185.35,206.35,NA,FALSE,209.35,0,0,3
"35",2016-04-27,200.9,200.9,195.5,196.15,"SBIN","LONG",TRUE,6,TRUE,2016-04-21,194.35,6000,"Case#1","Case#1",FALSE,1950-01-01,0,0,"None",185.35,206.35,NA,FALSE,209.35,0,0,4
"36",2016-04-28,196.75,198.2,191.2,192.05,"SBIN","LONG",TRUE,6,TRUE,2016-04-21,194.35,6000,"Case#1","Case#1",FALSE,1950-01-01,0,0,"None",185.35,206.35,NA,FALSE,209.35,0,0,5
"37",2016-04-29,191.9,194,186.45,189,"SBIN","LONG",TRUE,6,TRUE,2016-04-21,194.35,6000,"Case#1","Case#1",FALSE,1950-01-01,0,0,"None",185.35,206.35,NA,FALSE,209.35,0,0,6
"38",2016-05-02,187.6,188.45,185.5,186,"SBIN","LONG",TRUE,6,TRUE,2016-04-21,194.35,6000,"Case#1","Case#1",FALSE,1950-01-01,0,0,"None",185.35,206.35,NA,FALSE,209.35,0,0,7
"39",2016-05-03,187,189.35,183.65,184.05,"SBIN","LONG",TRUE,6,TRUE,2016-04-21,194.35,6000,"Case#1","Case#1",TRUE,2016-05-03,185.35,6000,"SLP hit",185.35,206.35,NA,FALSE,209.35,0,0,8
"40",2016-05-18,176.9,180.45,173.55,179.95,"SBIN","LONG",TRUE,7,TRUE,2016-05-17,176.85,6000,"Case#1","Case#1",FALSE,1950-01-01,0,0,"None",167.85,188.85,NA,FALSE,191.85,0,0,1
"41",2016-05-19,181,181,171.9,172.7,"SBIN","LONG",TRUE,7,TRUE,2016-05-17,176.85,6000,"Case#1","Case#1",FALSE,1950-01-01,0,0,"None",167.85,188.85,NA,FALSE,191.85,0,0,2
"42",2016-05-20,173.5,174.7,170.55,171.35,"SBIN","LONG",TRUE,7,TRUE,2016-05-17,176.85,6000,"Case#1","Case#1",FALSE,1950-01-01,0,0,"None",167.85,188.85,NA,FALSE,191.85,0,0,3
"43",2016-05-23,172.3,172.7,168.2,168.4,"SBIN","LONG",TRUE,7,TRUE,2016-05-17,176.85,6000,"Case#1","Case#1",FALSE,1950-01-01,0,0,"None",167.85,188.85,NA,FALSE,191.85,0,0,4
"44",2016-05-24,168.8,170.4,166.4,169.5,"SBIN","LONG",TRUE,7,TRUE,2016-05-17,176.85,6000,"Case#1","Case#1",TRUE,2016-05-24,167.85,6000,"SLP hit",167.85,188.85,NA,FALSE,191.85,0,0,5
"45",2016-05-27,184,202.4,181.5,195.9,"SBIN","LONG",TRUE,8,TRUE,2016-05-26,184.15,6000,"Case#1","Case#1",TRUE,2016-05-27,199.15,3000,"Profit Booking",175.15,196.15,NA,FALSE,199.15,0,0,1
"46",2016-05-30,200.2,203.9,194.6,198.85,"SBIN","LONG",TRUE,8,TRUE,2016-05-26,184.15,3000,"Case#1","Case#1",FALSE,2016-05-27,199.15,0,"None",175.15,202.15,181.15,TRUE,214.15,0,0,2
"47",2016-05-31,198.8,205.7,196.2,204.95,"SBIN","LONG",TRUE,8,TRUE,2016-05-26,184.15,3000,"Case#1","Case#1",FALSE,2016-05-27,199.15,0,"None",175.15,208.15,187.15,TRUE,214.15,0,0,3
"48",2016-06-01,205.95,208.3,196.6,198.25,"SBIN","LONG",TRUE,8,TRUE,2016-05-26,184.15,3000,"Case#1","Case#1",FALSE,2016-05-27,199.15,0,"None",175.15,208.15,187.15,TRUE,214.15,0,0,4
"49",2016-06-02,197.85,202.3,195.55,200.55,"SBIN","LONG",TRUE,8,TRUE,2016-05-26,184.15,3000,"Case#1","Case#1",FALSE,2016-05-27,199.15,0,"None",175.15,214.15,193.15,TRUE,214.15,0,0,5
"50",2016-06-03,201,202.15,195.4,196.6,"SBIN","LONG",TRUE,8,TRUE,2016-05-26,184.15,3000,"Case#1","Case#1",FALSE,2016-05-27,199.15,0,"None",175.15,214.15,193.15,TRUE,214.15,0,0,6
"51",2016-06-06,197.45,202.6,197.1,198.9,"SBIN","LONG",TRUE,8,TRUE,2016-05-26,184.15,3000,"Case#1","Case#1",FALSE,2016-05-27,199.15,0,"None",175.15,214.15,193.15,TRUE,214.15,0,0,7
"52",2016-06-07,200.45,211.15,200.15,210.15,"SBIN","LONG",TRUE,8,TRUE,2016-05-26,184.15,3000,"Case#1","Case#1",FALSE,2016-05-27,199.15,0,"None",175.15,214.15,193.15,TRUE,214.15,0,0,8
"53",2016-06-08,210.15,211.9,207.55,210.7,"SBIN","LONG",TRUE,8,TRUE,2016-05-26,184.15,3000,"Case#1","Case#1",FALSE,2016-05-27,199.15,0,"None",175.15,214.15,193.15,TRUE,214.15,0,0,9
"54",2016-06-09,210,212.8,208.3,209.95,"SBIN","LONG",TRUE,8,TRUE,2016-05-26,184.15,3000,"Case#1","Case#1",FALSE,2016-05-27,199.15,0,"None",175.15,214.15,193.15,TRUE,214.15,0,0,10
"55",2016-06-10,209.35,211.5,205.3,205.95,"SBIN","LONG",TRUE,8,TRUE,2016-05-26,184.15,3000,"Case#1","Case#1",FALSE,2016-05-27,199.15,0,"None",175.15,214.15,193.15,TRUE,214.15,0,0,11
"56",2016-06-13,201.5,202.6,200.2,201.8,"SBIN","LONG",TRUE,8,TRUE,2016-05-26,184.15,3000,"Case#1","Case#1",FALSE,2016-05-27,199.15,0,"None",175.15,214.15,193.15,TRUE,214.15,0,0,12
"57",2016-06-14,204.35,208.6,203.8,207.7,"SBIN","LONG",TRUE,8,TRUE,2016-05-26,184.15,3000,"Case#1","Case#1",FALSE,2016-05-27,199.15,0,"None",175.15,214.15,193.15,TRUE,214.15,0,0,13
"58",2016-06-15,209.75,217.55,208.55,216.05,"SBIN","LONG",TRUE,8,TRUE,2016-05-26,184.15,3000,"Case#1","Case#1",TRUE,2016-06-15,214.15,3000,"Profit Booking",175.15,214.15,193.15,TRUE,214.15,0,0,14
"59",2016-06-16,216,218.5,213.05,216,"SBIN","LONG",TRUE,9,TRUE,2016-06-15,216.05,6000,"Case#1","Case#1",FALSE,1950-01-01,0,0,"None",207.05,228.05,NA,FALSE,231.05,0,0,1
"60",2016-06-17,216.75,217.5,211.6,213.45,"SBIN","LONG",TRUE,9,TRUE,2016-06-15,216.05,6000,"Case#1","Case#1",FALSE,1950-01-01,0,0,"None",207.05,228.05,NA,FALSE,231.05,0,0,2
"61",2016-06-20,208,216.7,207.9,215.9,"SBIN","LONG",TRUE,9,TRUE,2016-06-15,216.05,6000,"Case#1","Case#1",FALSE,1950-01-01,0,0,"None",207.05,228.05,NA,FALSE,231.05,0,0,3
"62",2016-06-21,215,217.5,213.15,214,"SBIN","LONG",TRUE,9,TRUE,2016-06-15,216.05,6000,"Case#1","Case#1",FALSE,1950-01-01,0,0,"None",207.05,228.05,NA,FALSE,231.05,0,0,4
"63",2016-06-22,214,215.25,211.45,212.9,"SBIN","LONG",TRUE,9,TRUE,2016-06-15,216.05,6000,"Case#1","Case#1",FALSE,1950-01-01,0,0,"None",207.05,228.05,NA,FALSE,231.05,0,0,5
"64",2016-06-23,213,218,212.75,217.55,"SBIN","LONG",TRUE,9,TRUE,2016-06-15,216.05,6000,"Case#1","Case#1",FALSE,1950-01-01,0,0,"None",207.05,228.05,NA,FALSE,231.05,0,0,6
"65",2016-06-24,205.9,212.35,202.5,211.25,"SBIN","LONG",TRUE,9,TRUE,2016-06-15,216.05,6000,"Case#1","Case#1",TRUE,2016-06-24,205.9,6000,"SLP hit in Open",207.05,228.05,NA,FALSE,231.05,0,0,7
"66",2016-06-27,210.8,218.85,210.55,217.15,"SBIN","LONG",TRUE,10,TRUE,2016-06-24,211.25,6000,"Case#1","Case#1",FALSE,1950-01-01,0,0,"None",202.25,223.25,NA,FALSE,226.25,0,0,1
"67",2016-06-28,216.75,218.65,215.4,215.9,"SBIN","LONG",TRUE,10,TRUE,2016-06-24,211.25,6000,"Case#1","Case#1",FALSE,1950-01-01,0,0,"None",202.25,223.25,NA,FALSE,226.25,0,0,2
"68",2016-06-29,217.9,218.8,216.1,217.2,"SBIN","LONG",TRUE,10,TRUE,2016-06-24,211.25,6000,"Case#1","Case#1",FALSE,1950-01-01,0,0,"None",202.25,223.25,NA,FALSE,226.25,0,0,3
"69",2016-06-30,220,221.9,217.9,218.8,"SBIN","LONG",TRUE,10,TRUE,2016-06-24,211.25,6000,"Case#1","Case#1",FALSE,1950-01-01,0,0,"None",202.25,223.25,NA,FALSE,226.25,0,0,4
"70",2016-07-01,220.8,221,218.9,219.6,"SBIN","LONG",TRUE,10,TRUE,2016-06-24,211.25,6000,"Case#1","Case#1",FALSE,1950-01-01,0,0,"None",202.25,223.25,NA,FALSE,226.25,0,0,5
"71",2016-07-04,222.35,224.35,222,223,"SBIN","LONG",TRUE,10,TRUE,2016-06-24,211.25,6000,"Case#1","Case#1",FALSE,1950-01-01,0,0,"None",202.25,223.25,NA,FALSE,226.25,0,0,6
"72",2016-07-05,223.25,225.15,221.55,223.5,"SBIN","LONG",TRUE,10,TRUE,2016-06-24,211.25,6000,"Case#1","Case#1",FALSE,1950-01-01,0,0,"None",202.25,229.25,208.25,TRUE,226.25,0,0,7
"73",2016-07-07,223.9,224.6,219.35,220.05,"SBIN","LONG",TRUE,10,TRUE,2016-06-24,211.25,6000,"Case#1","Case#1",FALSE,1950-01-01,0,0,"None",202.25,229.25,208.25,TRUE,226.25,0,0,8
"74",2016-07-08,220.15,220.85,216.5,218.3,"SBIN","LONG",TRUE,10,TRUE,2016-06-24,211.25,6000,"Case#1","Case#1",FALSE,1950-01-01,0,0,"None",202.25,229.25,208.25,TRUE,226.25,0,0,9
"75",2016-07-11,223.6,225.45,222,224.7,"SBIN","LONG",TRUE,10,TRUE,2016-06-24,211.25,6000,"Case#1","Case#1",FALSE,1950-01-01,0,0,"None",202.25,229.25,208.25,TRUE,226.25,0,0,10
"76",2016-07-12,225,227.2,224.15,226.7,"SBIN","LONG",TRUE,10,TRUE,2016-06-24,211.25,6000,"Case#1","Case#1",TRUE,2016-07-12,226.25,3000,"Profit Booking",202.25,229.25,208.25,TRUE,226.25,0,0,11
"77",2016-07-13,227,228.5,223.95,227.7,"SBIN","LONG",TRUE,10,TRUE,2016-06-24,211.25,3000,"Case#1","Case#1",FALSE,2016-07-12,226.25,0,"None",202.25,229.25,208.25,TRUE,241.25,0,0,12
"78",2016-07-14,227,232.85,226,232,"SBIN","LONG",TRUE,10,TRUE,2016-06-24,211.25,3000,"Case#1","Case#1",FALSE,2016-07-12,226.25,0,"None",202.25,229.25,208.25,TRUE,241.25,0,0,13
"79",2016-07-15,232.9,234.4,230.8,231.5,"SBIN","LONG",TRUE,10,TRUE,2016-06-24,211.25,3000,"Case#1","Case#1",FALSE,2016-07-12,226.25,0,"None",202.25,235.25,214.25,TRUE,241.25,0,0,14
"80",2016-07-18,232.4,233.85,228.2,228.75,"SBIN","LONG",TRUE,10,TRUE,2016-06-24,211.25,3000,"Case#1","Case#1",FALSE,2016-07-12,226.25,0,"None",202.25,235.25,214.25,TRUE,241.25,0,0,15
"81",2016-07-19,230,232.15,227,229.6,"SBIN","LONG",TRUE,10,TRUE,2016-06-24,211.25,3000,"Case#1","Case#1",FALSE,2016-07-12,226.25,0,"None",202.25,235.25,214.25,TRUE,241.25,0,0,16
"82",2016-07-20,230.65,232.75,229.2,231.15,"SBIN","LONG",TRUE,10,TRUE,2016-06-24,211.25,3000,"Case#1","Case#1",FALSE,2016-07-12,226.25,0,"None",202.25,235.25,214.25,TRUE,241.25,0,0,17
"83",2016-07-21,231.65,232.1,224.4,225.65,"SBIN","LONG",TRUE,10,TRUE,2016-06-24,211.25,3000,"Case#1","Case#1",FALSE,2016-07-12,226.25,0,"None",202.25,235.25,214.25,TRUE,241.25,0,0,18
"84",2016-07-22,225.4,225.9,222.1,223.5,"SBIN","LONG",TRUE,10,TRUE,2016-06-24,211.25,3000,"Case#1","Case#1",FALSE,2016-07-12,226.25,0,"None",202.25,235.25,214.25,TRUE,241.25,0,0,19
"85",2016-07-25,223,231,222.7,229.9,"SBIN","LONG",TRUE,10,TRUE,2016-06-24,211.25,3000,"Case#1","Case#1",FALSE,2016-07-12,226.25,0,"None",202.25,235.25,214.25,TRUE,241.25,0,0,20
"86",2016-07-26,230,232.2,225.9,226.7,"SBIN","LONG",TRUE,10,TRUE,2016-06-24,211.25,3000,"Case#1","Case#1",FALSE,2016-07-12,226.25,0,"None",202.25,235.25,214.25,TRUE,241.25,0,0,21
"87",2016-07-27,227.75,231,226.8,229.25,"SBIN","LONG",TRUE,10,TRUE,2016-06-24,211.25,3000,"Case#1","Case#1",FALSE,2016-07-12,226.25,0,"None",202.25,235.25,214.25,TRUE,241.25,0,0,22
"88",2016-07-28,230.15,235.15,229.3,231,"SBIN","LONG",TRUE,10,TRUE,2016-06-24,211.25,3000,"Case#1","Case#1",FALSE,2016-07-12,226.25,0,"None",202.25,235.25,214.25,TRUE,241.25,0,0,23
"89",2016-07-29,230,232.7,228.4,229.4,"SBIN","LONG",TRUE,10,TRUE,2016-06-24,211.25,3000,"Case#1","Case#1",FALSE,2016-07-12,226.25,0,"None",202.25,235.25,214.25,TRUE,241.25,0,0,24
"90",2016-08-01,230.8,232.65,225.3,227.3,"SBIN","LONG",TRUE,10,TRUE,2016-06-24,211.25,3000,"Case#1","Case#1",FALSE,2016-07-12,226.25,0,"None",202.25,235.25,214.25,TRUE,241.25,0,0,25
"91",2016-08-02,229.3,230.9,227.3,228.05,"SBIN","LONG",TRUE,10,TRUE,2016-06-24,211.25,3000,"Case#1","Case#1",FALSE,2016-07-12,226.25,0,"None",202.25,235.25,214.25,TRUE,241.25,0,0,26
"92",2016-08-03,228.5,230.5,225.8,226.65,"SBIN","LONG",TRUE,10,TRUE,2016-06-24,211.25,3000,"Case#1","Case#1",FALSE,2016-07-12,226.25,0,"None",202.25,235.25,214.25,TRUE,241.25,0,0,27
"93",2016-08-04,228.45,228.7,223.2,225.65,"SBIN","LONG",TRUE,10,TRUE,2016-06-24,211.25,3000,"Case#1","Case#1",FALSE,2016-07-12,226.25,0,"None",202.25,235.25,214.25,TRUE,241.25,0,0,28
"94",2016-08-05,227.35,233.9,226.9,232.75,"SBIN","LONG",TRUE,10,TRUE,2016-06-24,211.25,3000,"Case#1","Case#1",FALSE,2016-07-12,226.25,0,"None",202.25,235.25,214.25,TRUE,241.25,0,0,29
"95",2016-08-08,233.95,235.9,231.7,233.25,"SBIN","LONG",TRUE,10,TRUE,2016-06-24,211.25,3000,"Case#1","Case#1",FALSE,2016-07-12,226.25,0,"None",202.25,235.25,214.25,TRUE,241.25,0,0,30
"96",2016-08-09,234.25,238,232.65,235.15,"SBIN","LONG",TRUE,10,TRUE,2016-06-24,211.25,3000,"Case#1","Case#1",FALSE,2016-07-12,226.25,0,"None",202.25,241.25,220.25,TRUE,241.25,0,0,31
"97",2016-08-10,236.75,236.9,231.05,231.5,"SBIN","LONG",TRUE,10,TRUE,2016-06-24,211.25,3000,"Case#1","Case#1",FALSE,2016-07-12,226.25,0,"None",202.25,241.25,220.25,TRUE,241.25,0,0,32
"98",2016-08-11,231.5,231.6,226.1,227.15,"SBIN","LONG",TRUE,10,TRUE,2016-06-24,211.25,3000,"Case#1","Case#1",FALSE,2016-07-12,226.25,0,"None",202.25,241.25,220.25,TRUE,241.25,0,0,33
"99",2016-08-12,227,247.95,224.4,243.3,"SBIN","LONG",TRUE,10,TRUE,2016-06-24,211.25,3000,"Case#1","Case#1",TRUE,2016-08-12,241.25,3000,"Profit Booking",202.25,241.25,220.25,TRUE,241.25,0,0,34
"100",2016-08-16,245.25,247.9,242.65,246.75,"SBIN","LONG",TRUE,11,TRUE,2016-08-12,243.3,6000,"Case#1","Case#1",FALSE,1950-01-01,0,0,"None",234.3,255.3,NA,FALSE,258.3,0,0,1
"101",2016-08-17,246.45,249.8,244.3,246.25,"SBIN","LONG",TRUE,11,TRUE,2016-08-12,243.3,6000,"Case#1","Case#1",FALSE,1950-01-01,0,0,"None",234.3,255.3,NA,FALSE,258.3,0,0,2
"102",2016-08-18,246.9,250.4,246.55,248.4,"SBIN","LONG",TRUE,11,TRUE,2016-08-12,243.3,6000,"Case#1","Case#1",FALSE,1950-01-01,0,0,"None",234.3,255.3,NA,FALSE,258.3,0,0,3
"103",2016-08-19,255,260,253.5,258.5,"SBIN","LONG",TRUE,11,TRUE,2016-08-12,243.3,6000,"Case#1","Case#1",TRUE,2016-08-19,258.3,3000,"Profit Booking",234.3,255.3,NA,FALSE,258.3,0,0,4
"104",2016-08-22,259.8,260.4,254,254.8,"SBIN","LONG",TRUE,11,TRUE,2016-08-12,243.3,3000,"Case#1","Case#1",FALSE,2016-08-19,258.3,0,"None",234.3,261.3,240.3,TRUE,273.3,0,0,5
"105",2016-08-23,254.9,255.8,251,254.75,"SBIN","LONG",TRUE,11,TRUE,2016-08-12,243.3,3000,"Case#1","Case#1",FALSE,2016-08-19,258.3,0,"None",234.3,261.3,240.3,TRUE,273.3,0,0,6
"106",2016-08-24,254.95,256.2,253.5,254.4,"SBIN","LONG",TRUE,11,TRUE,2016-08-12,243.3,3000,"Case#1","Case#1",FALSE,2016-08-19,258.3,0,"None",234.3,261.3,240.3,TRUE,273.3,0,0,7
"107",2016-08-25,254.9,255.55,248.6,250.15,"SBIN","LONG",TRUE,11,TRUE,2016-08-12,243.3,3000,"Case#1","Case#1",FALSE,2016-08-19,258.3,0,"None",234.3,261.3,240.3,TRUE,273.3,0,0,8
"108",2016-08-26,250.3,250.7,245.85,246.6,"SBIN","LONG",TRUE,11,TRUE,2016-08-12,243.3,3000,"Case#1","Case#1",FALSE,2016-08-19,258.3,0,"None",234.3,261.3,240.3,TRUE,273.3,0,0,9
"109",2016-08-29,245.85,249.85,244.25,249.05,"SBIN","LONG",TRUE,11,TRUE,2016-08-12,243.3,3000,"Case#1","Case#1",FALSE,2016-08-19,258.3,0,"None",234.3,261.3,240.3,TRUE,273.3,0,0,10
"110",2016-08-30,250.15,252.9,249.8,252.25,"SBIN","LONG",TRUE,11,TRUE,2016-08-12,243.3,3000,"Case#1","Case#1",FALSE,2016-08-19,258.3,0,"None",234.3,261.3,240.3,TRUE,273.3,0,0,11
"111",2016-08-31,253.25,255.8,251.2,252.5,"SBIN","LONG",TRUE,11,TRUE,2016-08-12,243.3,3000,"Case#1","Case#1",FALSE,2016-08-19,258.3,0,"None",234.3,261.3,240.3,TRUE,273.3,0,0,12
"112",2016-09-01,251.95,254.85,251.15,252,"SBIN","LONG",TRUE,11,TRUE,2016-08-12,243.3,3000,"Case#1","Case#1",FALSE,2016-08-19,258.3,0,"None",234.3,261.3,240.3,TRUE,273.3,0,0,13
"113",2016-09-02,252,255.2,251.65,254.6,"SBIN","LONG",TRUE,11,TRUE,2016-08-12,243.3,3000,"Case#1","Case#1",FALSE,2016-08-19,258.3,0,"None",234.3,261.3,240.3,TRUE,273.3,0,0,14
"114",2016-09-06,257.2,261.5,256,260.1,"SBIN","LONG",TRUE,11,TRUE,2016-08-12,243.3,3000,"Case#1","Case#1",FALSE,2016-08-19,258.3,0,"None",234.3,261.3,240.3,TRUE,273.3,0,0,15
"115",2016-09-07,262.9,270.3,260.4,266.8,"SBIN","LONG",TRUE,11,TRUE,2016-08-12,243.3,3000,"Case#1","Case#1",FALSE,2016-08-19,258.3,0,"None",234.3,267.3,246.3,TRUE,273.3,0,0,16
"116",2016-09-08,268,271.6,266.9,268.35,"SBIN","LONG",TRUE,11,TRUE,2016-08-12,243.3,3000,"Case#1","Case#1",FALSE,2016-08-19,258.3,0,"None",234.3,273.3,252.3,TRUE,273.3,0,0,17
"117",2016-09-09,268.4,268.4,263.35,264.1,"SBIN","LONG",TRUE,11,TRUE,2016-08-12,243.3,3000,"Case#1","Case#1",FALSE,2016-08-19,258.3,0,"None",234.3,273.3,252.3,TRUE,273.3,0,0,18
"118",2016-09-12,257.5,258.75,251.8,252.75,"SBIN","LONG",TRUE,11,TRUE,2016-08-12,243.3,3000,"Case#1","Case#1",TRUE,2016-09-12,252.3,3000,"TrailingSLP hit",234.3,273.3,252.3,TRUE,273.3,0,0,19
"119",2016-09-14,255,258,253,257.55,"SBIN","LONG",TRUE,12,TRUE,2016-09-12,252.75,6000,"Case#1","Case#1",FALSE,1950-01-01,0,0,"None",243.75,270.75,249.75,TRUE,267.75,0,0,1
"120",2016-09-15,258.35,258.35,254.2,256,"SBIN","LONG",TRUE,12,TRUE,2016-09-12,252.75,6000,"Case#1","Case#1",FALSE,1950-01-01,0,0,"None",243.75,270.75,249.75,TRUE,267.75,0,0,2
"121",2016-09-16,257.95,262,253.4,254.3,"SBIN","LONG",TRUE,12,TRUE,2016-09-12,252.75,6000,"Case#1","Case#1",FALSE,1950-01-01,0,0,"None",243.75,270.75,249.75,TRUE,267.75,0,0,3
"122",2016-09-19,256,258.3,255.2,255.65,"SBIN","LONG",TRUE,12,TRUE,2016-09-12,252.75,6000,"Case#1","Case#1",FALSE,1950-01-01,0,0,"None",243.75,270.75,249.75,TRUE,267.75,0,0,4
"123",2016-09-20,256.4,256.4,253.65,254.45,"SBIN","LONG",TRUE,12,TRUE,2016-09-12,252.75,6000,"Case#1","Case#1",FALSE,1950-01-01,0,0,"None",243.75,270.75,249.75,TRUE,267.75,0,0,5
"124",2016-09-21,254.5,256.25,250.65,251.15,"SBIN","LONG",TRUE,12,TRUE,2016-09-12,252.75,6000,"Case#1","Case#1",FALSE,1950-01-01,0,0,"None",243.75,270.75,249.75,TRUE,267.75,0,0,6
"125",2016-09-22,257.9,258.45,255.1,257.9,"SBIN","LONG",TRUE,12,TRUE,2016-09-12,252.75,6000,"Case#1","Case#1",FALSE,1950-01-01,0,0,"None",243.75,270.75,249.75,TRUE,267.75,0,0,7
"126",2016-09-23,258.8,258.8,253.8,254.55,"SBIN","LONG",TRUE,12,TRUE,2016-09-12,252.75,6000,"Case#1","Case#1",FALSE,1950-01-01,0,0,"None",243.75,270.75,249.75,TRUE,267.75,0,0,8
"127",2016-09-26,253.95,254.45,250.65,251.65,"SBIN","LONG",TRUE,12,TRUE,2016-09-12,252.75,6000,"Case#1","Case#1",FALSE,1950-01-01,0,0,"None",243.75,270.75,249.75,TRUE,267.75,0,0,9
"128",2016-09-27,253.15,253.9,248.3,249,"SBIN","LONG",TRUE,12,TRUE,2016-09-12,252.75,6000,"Case#1","Case#1",TRUE,2016-09-27,249.75,6000,"TrailingSLP hit",243.75,270.75,249.75,TRUE,267.75,0,0,10
"129",2016-10-05,262,264.9,259.55,260.85,"SBIN","LONG",TRUE,13,TRUE,2016-10-04,259.75,6000,"Case#1","Case#1",FALSE,1950-01-01,0,0,"None",250.75,271.75,NA,FALSE,274.75,0,0,1
"130",2016-10-06,261.35,262,255.65,256.8,"SBIN","LONG",TRUE,13,TRUE,2016-10-04,259.75,6000,"Case#1","Case#1",FALSE,1950-01-01,0,0,"None",250.75,271.75,NA,FALSE,274.75,0,0,2
"131",2016-10-07,257.25,259.9,255.25,258.7,"SBIN","LONG",TRUE,13,TRUE,2016-10-04,259.75,6000,"Case#1","Case#1",FALSE,1950-01-01,0,0,"None",250.75,271.75,NA,FALSE,274.75,0,0,3
"132",2016-10-10,259.35,260.3,256.05,256.6,"SBIN","LONG",TRUE,13,TRUE,2016-10-04,259.75,6000,"Case#1","Case#1",FALSE,1950-01-01,0,0,"None",250.75,271.75,NA,FALSE,274.75,0,0,4
"133",2016-10-13,254.95,255.35,245.85,249.65,"SBIN","LONG",TRUE,13,TRUE,2016-10-04,259.75,6000,"Case#1","Case#1",TRUE,2016-10-13,250.75,6000,"SLP hit",250.75,271.75,NA,FALSE,274.75,0,0,5
"134",2016-10-17,253.75,256.45,252,253.2,"SBIN","LONG",TRUE,14,TRUE,2016-10-14,252.1,6000,"Case#1","Case#1",FALSE,1950-01-01,0,0,"None",243.1,264.1,NA,FALSE,267.1,0,0,1
"135",2016-10-18,254.9,257.7,253.8,256.9,"SBIN","LONG",TRUE,14,TRUE,2016-10-14,252.1,6000,"Case#1","Case#1",FALSE,1950-01-01,0,0,"None",243.1,264.1,NA,FALSE,267.1,0,0,2
"136",2016-10-19,258,258,254.85,255.4,"SBIN","LONG",TRUE,14,TRUE,2016-10-14,252.1,6000,"Case#1","Case#1",FALSE,1950-01-01,0,0,"None",243.1,264.1,NA,FALSE,267.1,0,0,3
"137",2016-10-20,255.7,260.9,255.3,260.2,"SBIN","LONG",TRUE,14,TRUE,2016-10-14,252.1,6000,"Case#1","Case#1",FALSE,1950-01-01,0,0,"None",243.1,264.1,NA,FALSE,267.1,0,0,4
"138",2016-10-21,259.75,259.75,256.1,258.5,"SBIN","LONG",TRUE,14,TRUE,2016-10-14,252.1,6000,"Case#1","Case#1",FALSE,1950-01-01,0,0,"None",243.1,264.1,NA,FALSE,267.1,0,0,5
"139",2016-10-24,259.3,264.9,259.3,262.95,"SBIN","LONG",TRUE,14,TRUE,2016-10-14,252.1,6000,"Case#1","Case#1",FALSE,1950-01-01,0,0,"None",243.1,264.1,NA,FALSE,267.1,0,0,6
"140",2016-10-25,264,264.55,260.75,261.45,"SBIN","LONG",TRUE,14,TRUE,2016-10-14,252.1,6000,"Case#1","Case#1",FALSE,1950-01-01,0,0,"None",243.1,270.1,249.1,TRUE,267.1,0,0,7
"141",2016-10-26,260.4,264.85,256.8,258.75,"SBIN","LONG",TRUE,14,TRUE,2016-10-14,252.1,6000,"Case#1","Case#1",FALSE,1950-01-01,0,0,"None",243.1,270.1,249.1,TRUE,267.1,0,0,8
"142",2016-10-27,258,258.1,254.3,255.4,"SBIN","LONG",TRUE,14,TRUE,2016-10-14,252.1,6000,"Case#1","Case#1",FALSE,1950-01-01,0,0,"None",243.1,270.1,249.1,TRUE,267.1,0,0,9
"143",2016-10-28,255.9,258.8,254,258,"SBIN","LONG",TRUE,14,TRUE,2016-10-14,252.1,6000,"Case#1","Case#1",FALSE,1950-01-01,0,0,"None",243.1,270.1,249.1,TRUE,267.1,0,0,10
"144",2016-11-01,257,260.9,256.5,258.95,"SBIN","LONG",TRUE,14,TRUE,2016-10-14,252.1,6000,"Case#1","Case#1",FALSE,1950-01-01,0,0,"None",243.1,270.1,249.1,TRUE,267.1,0,0,11
"145",2016-11-02,254.1,256,250.55,251.05,"SBIN","LONG",TRUE,14,TRUE,2016-10-14,252.1,6000,"Case#1","Case#1",FALSE,1950-01-01,0,0,"None",243.1,270.1,249.1,TRUE,267.1,0,0,12
"146",2016-11-03,251.15,252.8,244.85,245.65,"SBIN","LONG",TRUE,14,TRUE,2016-10-14,252.1,6000,"Case#1","Case#1",TRUE,2016-11-03,249.1,6000,"TrailingSLP hit",243.1,270.1,249.1,TRUE,267.1,0,0,13
"147",2016-11-10,267,284.2,265.25,281.3,"SBIN","LONG",TRUE,15,TRUE,2016-11-09,260,6000,"Case#1","Case#1",TRUE,2016-11-10,275,3000,"Profit Booking",251,272,NA,FALSE,275,0,0,1
"148",2016-11-11,278.75,288.8,270.5,273,"SBIN","LONG",TRUE,15,TRUE,2016-11-09,260,3000,"Case#1","Case#1",FALSE,2016-11-10,275,0,"None",251,278,257,TRUE,290,0,0,2
"149",2016-11-15,275.15,283.45,270.7,278.2,"SBIN","LONG",TRUE,15,TRUE,2016-11-09,260,3000,"Case#1","Case#1",FALSE,2016-11-10,275,0,"None",251,284,263,TRUE,290,0,0,3
"150",2016-11-16,284,284.8,276.15,277.2,"SBIN","LONG",TRUE,15,TRUE,2016-11-09,260,3000,"Case#1","Case#1",FALSE,2016-11-10,275,0,"None",251,290,269,TRUE,290,0,0,4
"151",2016-11-17,278,282.2,275.6,277.45,"SBIN","LONG",TRUE,15,TRUE,2016-11-09,260,3000,"Case#1","Case#1",FALSE,2016-11-10,275,0,"None",251,290,269,TRUE,290,0,0,5
"152",2016-11-18,278.15,280,274.85,275.8,"SBIN","LONG",TRUE,15,TRUE,2016-11-09,260,3000,"Case#1","Case#1",FALSE,2016-11-10,275,0,"None",251,290,269,TRUE,290,0,0,6
"153",2016-11-21,277.15,277.6,255.85,257.35,"SBIN","LONG",TRUE,15,TRUE,2016-11-09,260,3000,"Case#1","Case#1",TRUE,2016-11-21,269,3000,"TrailingSLP hit",251,290,269,TRUE,290,0,0,7
"154",2016-11-22,260.8,262.65,251.15,257.35,"SBIN","LONG",TRUE,16,TRUE,2016-11-21,257.35,6000,"Case#1","Case#1",TRUE,2016-11-22,254.35,6000,"TrailingSLP hit",248.35,275.35,254.35,TRUE,272.35,0,0,1
"155",2016-11-23,259.8,260.35,254.75,258.65,"SBIN","LONG",TRUE,17,TRUE,2016-11-22,257.35,6000,"Case#1","Case#1",FALSE,1950-01-01,0,0,"None",248.35,275.35,254.35,TRUE,272.35,0,0,1
"156",2016-11-24,257.8,263,254.55,261.75,"SBIN","LONG",TRUE,17,TRUE,2016-11-22,257.35,6000,"Case#1","Case#1",FALSE,1950-01-01,0,0,"None",248.35,275.35,254.35,TRUE,272.35,0,0,2
"157",2016-11-25,263.5,264.5,258.35,260.95,"SBIN","LONG",TRUE,17,TRUE,2016-11-22,257.35,6000,"Case#1","Case#1",FALSE,1950-01-01,0,0,"None",248.35,275.35,254.35,TRUE,272.35,0,0,3
"158",2016-11-28,253.45,257.75,248,253.55,"SBIN","LONG",TRUE,17,TRUE,2016-11-22,257.35,6000,"Case#1","Case#1",TRUE,2016-11-28,248.35,6000,"SLP hit",248.35,275.35,254.35,TRUE,272.35,0,0,4
"159",2016-12-12,268.9,269.35,262.3,263.65,"SBIN","LONG",TRUE,18,TRUE,2016-12-09,266.65,6000,"Case#1","Case#1",FALSE,1950-01-01,0,0,"None",257.65,278.65,NA,FALSE,281.65,0,0,1
"160",2016-12-13,264.9,266.75,261.55,266.15,"SBIN","LONG",TRUE,18,TRUE,2016-12-09,266.65,6000,"Case#1","Case#1",FALSE,1950-01-01,0,0,"None",257.65,278.65,NA,FALSE,281.65,0,0,2
"161",2016-12-14,266,266.25,262.3,262.9,"SBIN","LONG",TRUE,18,TRUE,2016-12-09,266.65,6000,"Case#1","Case#1",FALSE,1950-01-01,0,0,"None",257.65,278.65,NA,FALSE,281.65,0,0,3
"162",2016-12-15,259.9,267.5,259,265.4,"SBIN","LONG",TRUE,18,TRUE,2016-12-09,266.65,6000,"Case#1","Case#1",FALSE,1950-01-01,0,0,"None",257.65,278.65,NA,FALSE,281.65,0,0,4
"163",2016-12-16,266.35,266.35,263.05,264.75,"SBIN","LONG",TRUE,18,TRUE,2016-12-09,266.65,6000,"Case#1","Case#1",FALSE,1950-01-01,0,0,"None",257.65,278.65,NA,FALSE,281.65,0,0,5
"164",2016-12-19,263.35,264.5,260.85,261.35,"SBIN","LONG",TRUE,18,TRUE,2016-12-09,266.65,6000,"Case#1","Case#1",FALSE,1950-01-01,0,0,"None",257.65,278.65,NA,FALSE,281.65,0,0,6
"165",2016-12-20,261.85,262.9,253.25,254.55,"SBIN","LONG",TRUE,18,TRUE,2016-12-09,266.65,6000,"Case#1","Case#1",TRUE,2016-12-20,257.65,6000,"SLP hit",257.65,278.65,NA,FALSE,281.65,0,0,7
"166",2016-12-21,256.1,258,254.1,255.35,"SBIN","LONG",TRUE,19,TRUE,2016-12-20,254.55,6000,"Case#1","Case#1",FALSE,1950-01-01,0,0,"None",245.55,266.55,NA,FALSE,269.55,0,0,1
"167",2016-12-22,254.25,254.25,248.35,249.8,"SBIN","LONG",TRUE,19,TRUE,2016-12-20,254.55,6000,"Case#1","Case#1",FALSE,1950-01-01,0,0,"None",245.55,266.55,NA,FALSE,269.55,0,0,2
"168",2016-12-23,249.75,251.8,247.8,249.15,"SBIN","LONG",TRUE,19,TRUE,2016-12-20,254.55,6000,"Case#1","Case#1",FALSE,1950-01-01,0,0,"None",245.55,266.55,NA,FALSE,269.55,0,0,3
"169",2016-12-26,248,248.3,243.6,244.2,"SBIN","LONG",TRUE,19,TRUE,2016-12-20,254.55,6000,"Case#1","Case#1",TRUE,2016-12-26,245.55,6000,"SLP hit",245.55,266.55,NA,FALSE,269.55,0,0,4
